c_id,f_id
0375ff9c2d8555e88be65079d6c42df3,57597962178fb06d54a61ba34ef93149
0375ff9c2d8555e88be65079d6c42df3,8e8a6c4cdc765554d2d672af7d333ba8
0375ff9c2d8555e88be65079d6c42df3,589ffaa96c786aa40d28b9eb18cfd631
0375ff9c2d8555e88be65079d6c42df3,23af5df5d6890963802b821ce008517c
0375ff9c2d8555e88be65079d6c42df3,2a713d38cde55f9c0ed7af6cea3d1ffb
0375ff9c2d8555e88be65079d6c42df3,a3a85647de73d6535f730357028f45cc
0375ff9c2d8555e88be65079d6c42df3,591ce61a1b730ebc8568ba9f862729b0
0375ff9c2d8555e88be65079d6c42df3,8aaff95ffff5a6812d962964a4bd44c3
0375ff9c2d8555e88be65079d6c42df3,367ac575452737ce9b40990bc17ae953
0375ff9c2d8555e88be65079d6c42df3,5f83115c31f3aee2007fc409a7526e3d
0375ff9c2d8555e88be65079d6c42df3,8917655f28bcb6eb2055f0adbf2a6854
0375ff9c2d8555e88be65079d6c42df3,fa6ce17c23cb6a3f9adb25345185278e
0375ff9c2d8555e88be65079d6c42df3,9dc1775eab1c131e03ebb41c6cc4deba
0375ff9c2d8555e88be65079d6c42df3,1abf5c68de8a19b4eb027963ed5191a9
0375ff9c2d8555e88be65079d6c42df3,03f801a44590b3ce7cee30028a459d96
0375ff9c2d8555e88be65079d6c42df3,782ffc63447b9fbec6db4892416f9a27
0375ff9c2d8555e88be65079d6c42df3,dad99c177055b8ce7b397afd8eb45855
0375ff9c2d8555e88be65079d6c42df3,5e3a2a84ecfb03343f7dcedf03af0e48
0375ff9c2d8555e88be65079d6c42df3,4a71db6fbfae2006b7ef27226d38938a
0375ff9c2d8555e88be65079d6c42df3,ef37fad80f168fe264fd23e8e023e8ec
0375ff9c2d8555e88be65079d6c42df3,7557f4ea4dbed34f6911426a7e9bb0f4
0375ff9c2d8555e88be65079d6c42df3,4d7bd6219142ae27064568f180eac3e3
0375ff9c2d8555e88be65079d6c42df3,31a6eb6b1942db53641b450ba8468cdb
0375ff9c2d8555e88be65079d6c42df3,c55713319b3d1b08cab59c5a55fcf339
0375ff9c2d8555e88be65079d6c42df3,9cb28fcb0ecfbcbe99ab44c063fc491e
0375ff9c2d8555e88be65079d6c42df3,7291ce251ddfdfe9bb13357096efc456
0375ff9c2d8555e88be65079d6c42df3,6515244f09dec163e6c2dfb2dd30f8c7
0375ff9c2d8555e88be65079d6c42df3,fd8b37b4f3de0419947feb8eab7c4c13
0375ff9c2d8555e88be65079d6c42df3,3c271edb64581fdd4714eb3ccf6c8414
0375ff9c2d8555e88be65079d6c42df3,0aa0e1cd01da970734c4bb9e56d0d8a4
0375ff9c2d8555e88be65079d6c42df3,0177eea0b0ea6ceb0781a5bef5e1d7e9
0375ff9c2d8555e88be65079d6c42df3,3791d85d550705beacd25af72570b6e3
0375ff9c2d8555e88be65079d6c42df3,6dbbc9aa0f3471366a03c101b7001b84
0375ff9c2d8555e88be65079d6c42df3,901568c0053c196a230c0069bd437aeb
0375ff9c2d8555e88be65079d6c42df3,18a500df68fe20828ca4d9140723bc9a
0375ff9c2d8555e88be65079d6c42df3,d1a98d1595614d748c5a567677571f77
0375ff9c2d8555e88be65079d6c42df3,7c062a1d43aa195425c701a17ff664ab
0375ff9c2d8555e88be65079d6c42df3,73ee4543e0e5fb016ae6563bf33512e1
0375ff9c2d8555e88be65079d6c42df3,ddabae84124e6bbee4ecd7b33d8f8a14
0375ff9c2d8555e88be65079d6c42df3,ba9367f979b8cdc5a4296255ef02f2ca
0375ff9c2d8555e88be65079d6c42df3,be09bb37b3c4f4a5646d2817566db394
0375ff9c2d8555e88be65079d6c42df3,22236e081557378b08ec2e25c512300c
0375ff9c2d8555e88be65079d6c42df3,854c720c427ea60ca1f63b34e1350fa6
0375ff9c2d8555e88be65079d6c42df3,6d5a04674b5e889ea71f504c7153efcc
0375ff9c2d8555e88be65079d6c42df3,c73e43ceab6a248e13011fc402a407ad
0375ff9c2d8555e88be65079d6c42df3,91d15e56202ae6f6501977c6cf3f60f9
0375ff9c2d8555e88be65079d6c42df3,bbb105740f1dc26872d6a298412d6ae1
0375ff9c2d8555e88be65079d6c42df3,0efe8980788743a14b843840afeace95
0375ff9c2d8555e88be65079d6c42df3,d7f3a69fd75715dbf500284f5920908f
0375ff9c2d8555e88be65079d6c42df3,b38a6f4c264e73bb24a0d8f45b384ec0
0375ff9c2d8555e88be65079d6c42df3,7b2c850711a5e5e8a6e2b965f5f59699
0375ff9c2d8555e88be65079d6c42df3,d29f1c2a1bdac61dda12120cda77ef85
0375ff9c2d8555e88be65079d6c42df3,8ad3410c8f979f54981e0a8d298a087f
0375ff9c2d8555e88be65079d6c42df3,be28556a25f10e75e018026d3ec60ebf
0375ff9c2d8555e88be65079d6c42df3,65139ef73d12b348c614b6ab57429e97
0375ff9c2d8555e88be65079d6c42df3,54b87e1defedf211201040b888ea56b0
0375ff9c2d8555e88be65079d6c42df3,9c05004411017ddb9f30823364fefd4f
0375ff9c2d8555e88be65079d6c42df3,ae376b0c4258cf99f10cf4d47e73e4af
0375ff9c2d8555e88be65079d6c42df3,1695b0db7bfd9d583c76b314176cdc50
0375ff9c2d8555e88be65079d6c42df3,5bfae3cc59f8412e69097e9f652bd25b
0375ff9c2d8555e88be65079d6c42df3,9108e9cfb733e4a0787004ac8898bbd3
0375ff9c2d8555e88be65079d6c42df3,014ef88d23ef4cfb1fcb13a3e36189ca
0375ff9c2d8555e88be65079d6c42df3,8d86a91f7d53bcff68deeef1efdcbf33
0375ff9c2d8555e88be65079d6c42df3,826b38b5568e6bb65f64e2638dacf3be
0375ff9c2d8555e88be65079d6c42df3,6cc652f2389a825446616471c620742b
0375ff9c2d8555e88be65079d6c42df3,e7466d423c17c1fc57501fa650ac0da4
0375ff9c2d8555e88be65079d6c42df3,770c1b2d953c6781e2c9f9dbbfaa4aa0
0375ff9c2d8555e88be65079d6c42df3,4158906ff7878f930333f095b8d02405
0375ff9c2d8555e88be65079d6c42df3,284dcb94fec0c0f416b0e7429fc19f40
0375ff9c2d8555e88be65079d6c42df3,2feaae5e149680d205e54e46821849fe
0375ff9c2d8555e88be65079d6c42df3,8e37aa9d54bedaf6f08d609315297ab3
0375ff9c2d8555e88be65079d6c42df3,54982e00b909cfb9b27a068c92b44173
0375ff9c2d8555e88be65079d6c42df3,7f948e07dc0070631b6ea57aa9a712a1
0375ff9c2d8555e88be65079d6c42df3,6717a7dc69edb0af69aa41a70ad41d38
0375ff9c2d8555e88be65079d6c42df3,2e5b8beab9a02085e7b74ac30d63b73b
0375ff9c2d8555e88be65079d6c42df3,fcf3342c3caa3387d8cc06f8099ee1c3
0375ff9c2d8555e88be65079d6c42df3,17a6e4fc7154c6f13f8388cca51b1d01
0375ff9c2d8555e88be65079d6c42df3,1f3b26da8f755255b670915ecf8408ac
0375ff9c2d8555e88be65079d6c42df3,9ef95afccfa9c3ecdff6760594c0c047
0375ff9c2d8555e88be65079d6c42df3,19acf6c5385fb07c32dd7d98c886ea3e
0375ff9c2d8555e88be65079d6c42df3,82054880969f47578dfb67db484f24d9
0375ff9c2d8555e88be65079d6c42df3,c4f0f58d1af2223da0519dc0496e7600
0375ff9c2d8555e88be65079d6c42df3,5ca56b8acd946638724675dfae3468df
3e2d65d4486b2059ec9802a4221aacc0,7ab1c959662f01643b6875a1707be095
3e2d65d4486b2059ec9802a4221aacc0,f7427751be947c07f6f08ea69d6aae74
3e2d65d4486b2059ec9802a4221aacc0,65467b4ba993f7e4ce267e02b19dc603
3e2d65d4486b2059ec9802a4221aacc0,6c8e2c86fc395c55190c68ca04a2b502
3e2d65d4486b2059ec9802a4221aacc0,d2fefed2689eaf9b21ab05c9bfcaa8b5
3e2d65d4486b2059ec9802a4221aacc0,71b93598da65ba3e42271f878167d4e9
3e2d65d4486b2059ec9802a4221aacc0,8f1cedfd48e791c008a27c61a0d5e94f
3e2d65d4486b2059ec9802a4221aacc0,16ad2e3457847964f59567c298936bfb
3e2d65d4486b2059ec9802a4221aacc0,5b1abe728e1c3232409d70d494907b80
3e2d65d4486b2059ec9802a4221aacc0,b94b366f654c6a7a8eb8ff58dd682eb8
3e2d65d4486b2059ec9802a4221aacc0,b68c8a3b24de21f3896bd8f79b17c02d
3e2d65d4486b2059ec9802a4221aacc0,5f773687d3850ddf99f05de12df2a217
3e2d65d4486b2059ec9802a4221aacc0,1cd811d109a8348482a9d9c292df16ea
3e2d65d4486b2059ec9802a4221aacc0,a12cc79ea6047abcef954c4ec95b3f26
3e2d65d4486b2059ec9802a4221aacc0,20df471b6c7c2c3de85e8b852c66b7b1
3e2d65d4486b2059ec9802a4221aacc0,db8b5bcfc197f66dc45dfe7a0e47f9e0
3e2d65d4486b2059ec9802a4221aacc0,7e26b7acf432744aa8d552c813f12215
3e2d65d4486b2059ec9802a4221aacc0,0006dc0fc6d9cfd9dc9f2c20b6452df1
3e2d65d4486b2059ec9802a4221aacc0,a46dfcc46291e6da08224e1c44142d93
3e2d65d4486b2059ec9802a4221aacc0,9426e9aea2223e52ba1435da2d0dfd54
3e2d65d4486b2059ec9802a4221aacc0,d2224a114fcb83accb00dfcd8505f50b
3e2d65d4486b2059ec9802a4221aacc0,fbb6fa102dbf76c0d7f4330c702dcd40
3e2d65d4486b2059ec9802a4221aacc0,9b716a975ef92c9d46fa971ea8b05e12
3e2d65d4486b2059ec9802a4221aacc0,6f1870ca897a2fb65ef6627b2f9e081f
3e2d65d4486b2059ec9802a4221aacc0,08299fad14617542be09bf46f3028f85
3e2d65d4486b2059ec9802a4221aacc0,68d8acd9de40b9531fb72cdd6129def9
3e2d65d4486b2059ec9802a4221aacc0,3c5a108ec1a4d497042e98b29512d904
3e2d65d4486b2059ec9802a4221aacc0,decf8ef9e85e260ea1679f8f2c0b1e04
3e2d65d4486b2059ec9802a4221aacc0,fbed28ec5f6920c6d8db1004fce633cd
3e2d65d4486b2059ec9802a4221aacc0,9ec23c640f08126bd3a98a30497b8d9a
3e2d65d4486b2059ec9802a4221aacc0,3a88fbdfc5d1f704aba54f2612661ca4
3e2d65d4486b2059ec9802a4221aacc0,2c83d9e28eaa74feea363fcec0dc17eb
3e2d65d4486b2059ec9802a4221aacc0,0beea0903785d60abe84fd10c0fc64b5
3e2d65d4486b2059ec9802a4221aacc0,eb6a48bbbbc00d18a5b5e6e9377eb610
3e2d65d4486b2059ec9802a4221aacc0,af955afbbf6118c7b24cdac14a5d158d
3e2d65d4486b2059ec9802a4221aacc0,ccd2926fc475a0fe1f0e5255907964bf
3e2d65d4486b2059ec9802a4221aacc0,3672994863f8c8a789c3e0f59d9b3205
3e2d65d4486b2059ec9802a4221aacc0,857d3306f85398cf5dd55b4964d31a74
3e2d65d4486b2059ec9802a4221aacc0,29b195a6779ca3d924e852ba0913f4dd
3e2d65d4486b2059ec9802a4221aacc0,b7537b7aa3ffc565708f9a8b8318d034
3e2d65d4486b2059ec9802a4221aacc0,7e5d84822bd7e68d93be63db3f80c928
3e2d65d4486b2059ec9802a4221aacc0,91d48a077647d4d3478a7af98d1ac10d
3e2d65d4486b2059ec9802a4221aacc0,276fdd0a92ebf3c3ca4687edcde45f5e
3e2d65d4486b2059ec9802a4221aacc0,2877228ba7f17aece8e57367dc14b4e5
3e2d65d4486b2059ec9802a4221aacc0,02e3a7fe252819a6d8f1bef5c1744f0f
3e2d65d4486b2059ec9802a4221aacc0,39a269a2cd5d5cead25baf4701ff6afc
3e2d65d4486b2059ec9802a4221aacc0,e927694cbfa0015b2642f7747eb4c960
3e2d65d4486b2059ec9802a4221aacc0,954aabe46b4b444b560857ddd6f8a476
3e2d65d4486b2059ec9802a4221aacc0,7f877e51ba771550825199129326758c
3e2d65d4486b2059ec9802a4221aacc0,d76e33962259cae37677ed5b74a4bcfb
3e2d65d4486b2059ec9802a4221aacc0,4a3c5b2d6c13040234f2d879bbb2a597
3e2d65d4486b2059ec9802a4221aacc0,96a2ffc438e818d1eb6cdaa9ed716a11
3e2d65d4486b2059ec9802a4221aacc0,7311f1ada55731f6a27ca5c3c29a5bd7
3e2d65d4486b2059ec9802a4221aacc0,ddba726f30b522d3d330f1d21effd8ae
3e2d65d4486b2059ec9802a4221aacc0,0cd281e46fac5867c5ad2d83813ee772
3e2d65d4486b2059ec9802a4221aacc0,609ed63c6b0a03b3218359d303e3463f
3e2d65d4486b2059ec9802a4221aacc0,9776fbb88464bc4e58661b49fbf7aa5b
3e2d65d4486b2059ec9802a4221aacc0,8d8be669e21d931c41827bfe0b730f3c
3e2d65d4486b2059ec9802a4221aacc0,852cb9ea85ef7eb1684fa80ed2725b44
3e2d65d4486b2059ec9802a4221aacc0,7bf90ec555eeb0bcfb8f34cf09f94c27
3e2d65d4486b2059ec9802a4221aacc0,ea06a96c7724c18bd6f6922a1f1334a6
3e2d65d4486b2059ec9802a4221aacc0,ec0affca1a7dd3b95b8a9422c187b511
3e2d65d4486b2059ec9802a4221aacc0,52fdfc6812ce7d66344d53534a2731a0
3e2d65d4486b2059ec9802a4221aacc0,666bde709faceef0af15ed4b20c5c32a
3e2d65d4486b2059ec9802a4221aacc0,78342c8452f29551601049d3261fd491
3e2d65d4486b2059ec9802a4221aacc0,c3d4a447dcb8da1f35083d8020af460f
3e2d65d4486b2059ec9802a4221aacc0,a747f56b9c5d715ed997476499ddfa41
3e2d65d4486b2059ec9802a4221aacc0,d25509cacebac147ca996b3b3666d930
3e2d65d4486b2059ec9802a4221aacc0,21709aacce3b79cdb719c2cc8a6e1ecd
3e2d65d4486b2059ec9802a4221aacc0,13ffa02033ab3bd4720feb117e1847cf
3e2d65d4486b2059ec9802a4221aacc0,83154e2c0db3a393aac2ae177b0fd559
3e2d65d4486b2059ec9802a4221aacc0,8004ec482640c20fcd136cca01d33562
3e2d65d4486b2059ec9802a4221aacc0,3ea9d559c6e8bf40dbbc6768747a5dfc
3e2d65d4486b2059ec9802a4221aacc0,4584f452fe97fbbf22e800ceb8742c76
3e2d65d4486b2059ec9802a4221aacc0,1f9b713803e6c87d5ca0bdf319f42e2e
3e2d65d4486b2059ec9802a4221aacc0,dd24ef2cf6377a0d72cd32515ef66b18
3e2d65d4486b2059ec9802a4221aacc0,c7fb47012c860217b650ccf75da883f7
3e2d65d4486b2059ec9802a4221aacc0,7292f04389593f629146a189abba3d41
3e2d65d4486b2059ec9802a4221aacc0,ae956954fdc32bc8ebd6d9954213b5d5
3e2d65d4486b2059ec9802a4221aacc0,b8e6cae3fcf65f3a0ba093af99e7a472
3e2d65d4486b2059ec9802a4221aacc0,5402e5677dd3106fcf023db8c21f7b23
3e2d65d4486b2059ec9802a4221aacc0,bd0d24c3b9d50926eceb7c5f45e3f004
3e2d65d4486b2059ec9802a4221aacc0,d761a883966debb743ddce0b7ebf941f
3e2d65d4486b2059ec9802a4221aacc0,6f605e8c1721172197ec65c38a8df12f
3e2d65d4486b2059ec9802a4221aacc0,6531cc8802f3d49674a6db5d4c0e1f30
3e2d65d4486b2059ec9802a4221aacc0,e91d2333ccfc8c36e1ddf3225308cdf1
3e2d65d4486b2059ec9802a4221aacc0,57f1abb6f678d8c90724a48312309fdb
3e2d65d4486b2059ec9802a4221aacc0,9b5c3157ef97f9cd61bc2876b076cdf5
3e2d65d4486b2059ec9802a4221aacc0,e66d99570729d3437b2be6a783189b14
3e2d65d4486b2059ec9802a4221aacc0,1b12f3bb6376c94164ebd6c4085d2ca3
3e2d65d4486b2059ec9802a4221aacc0,2e2d9a9cd33e35695d7015e42d9642cc
3e2d65d4486b2059ec9802a4221aacc0,3c7a8052cb1665df1df9b2505adec1a3
3e2d65d4486b2059ec9802a4221aacc0,d77979d1eb9e1ba681bd3172465fe824
3e2d65d4486b2059ec9802a4221aacc0,8d8b812557acacaabf129ab99a87123c
3e2d65d4486b2059ec9802a4221aacc0,e503558017346eed516c2cac395d88d2
3e2d65d4486b2059ec9802a4221aacc0,f354e1cf086cec15866d8c10af0763d5
3e2d65d4486b2059ec9802a4221aacc0,619fd5e28dccfbfe5d7abfdbe8557d7c
3e2d65d4486b2059ec9802a4221aacc0,ccc5987a011507fccf21afabbda4b2f2
3e2d65d4486b2059ec9802a4221aacc0,9f4ab20089eaf7fbec9448fbb02274c9
3e2d65d4486b2059ec9802a4221aacc0,a37b3c07991ab41757a234f2183221cd
3e2d65d4486b2059ec9802a4221aacc0,6d43c351a51fd6ae89a1eb603a22e62a
3e2d65d4486b2059ec9802a4221aacc0,058227bb1604174cf8bbb242cd1e8113
3e2d65d4486b2059ec9802a4221aacc0,5bccd74f64a073e612c5adac7b7966c4
3e2d65d4486b2059ec9802a4221aacc0,df8fecb40360f4453b0c05cb9d8e9849
3e2d65d4486b2059ec9802a4221aacc0,05bc6d657c408edf5316c2ac97fec4d6
3e2d65d4486b2059ec9802a4221aacc0,bded134f7d83ab84da3d39e24ec6e2e5
3e2d65d4486b2059ec9802a4221aacc0,27bc0b73512eacda853bd8ff4e629698
3e2d65d4486b2059ec9802a4221aacc0,33e7716a1a5ca27909e6b4000a361117
3e2d65d4486b2059ec9802a4221aacc0,e32c75142ff1edf8eadf348979d2404d
3e2d65d4486b2059ec9802a4221aacc0,9072db99bbbebc3dee5adffb66e97477
3e2d65d4486b2059ec9802a4221aacc0,467f1d7ad4f627c55f5deff0a4ec54f8
3e2d65d4486b2059ec9802a4221aacc0,3ddbcba62764cfdec13fa0f8c96cd912
3e2d65d4486b2059ec9802a4221aacc0,9495ae2c61db965ab0688d50b1cf8236
3e2d65d4486b2059ec9802a4221aacc0,f3fc838179f79368acd84d92c29ec9b8
3e2d65d4486b2059ec9802a4221aacc0,4c7efa1967db86e2e5168a6047e54239
3e2d65d4486b2059ec9802a4221aacc0,65052145195da9c04a72f40ef4761ab8
3e2d65d4486b2059ec9802a4221aacc0,453394312e99d372f343a9749ca5d452
3e2d65d4486b2059ec9802a4221aacc0,d60fdc39029a0909c2a8417cf0a4a502
3e2d65d4486b2059ec9802a4221aacc0,3bcaffbd5a4efd4a855ef7fe2e6c0d67
3e2d65d4486b2059ec9802a4221aacc0,720246ab41672eaaeaff3df13653087f
3e2d65d4486b2059ec9802a4221aacc0,d5b680fed87b00e9c64c5b39e91aadb7
3e2d65d4486b2059ec9802a4221aacc0,470f0bb5ffd300f617f33dcf9c717275
3e2d65d4486b2059ec9802a4221aacc0,c79ded5361d62005211abe54c20b26e9
3e2d65d4486b2059ec9802a4221aacc0,729501bce5b1b181e8f62e9e10ed434b
3e2d65d4486b2059ec9802a4221aacc0,df3ffd24d09fcf53dfc36b02ae201859
3e2d65d4486b2059ec9802a4221aacc0,27b59e70f28508d2ff0a93d9f89c37ce
3e2d65d4486b2059ec9802a4221aacc0,9b6f12bf05b57429dbb8d31ce8dd64ab
3e2d65d4486b2059ec9802a4221aacc0,eddee7a693480dbac0882cd0caa3c564
3e2d65d4486b2059ec9802a4221aacc0,7a9c01af1143e6fce37deaec6057c461
3e2d65d4486b2059ec9802a4221aacc0,59f7957b91509c46cfc0ef18fe845cdb
3e2d65d4486b2059ec9802a4221aacc0,00896f019a9c0e5e0bb812f622f5b880
3e2d65d4486b2059ec9802a4221aacc0,cc5dd410d9caf5bcef0bdf205983bc88
3e2d65d4486b2059ec9802a4221aacc0,41f590ef2bd8fe90b7c00651efe978eb
3e2d65d4486b2059ec9802a4221aacc0,254b3bd0fca122b87c1dfdfc6e4033c9
3e2d65d4486b2059ec9802a4221aacc0,fd560b9dbe3ab3bc4f44fe3a85f6a20b
3e2d65d4486b2059ec9802a4221aacc0,7c1c4db1b9f414ecb663951a2d794bfb
3e2d65d4486b2059ec9802a4221aacc0,3b9312e847c9e57c3d6e7a299459a914
3e2d65d4486b2059ec9802a4221aacc0,46d3d92bf4162ce296f7e43a1c040db8
3e2d65d4486b2059ec9802a4221aacc0,11c721200f1ac9486a184c3430ac831b
3e2d65d4486b2059ec9802a4221aacc0,94476c8844d9918f6ea2e20a0cbd118f
3e2d65d4486b2059ec9802a4221aacc0,08437b8fb2ffc51a5afcdb9e2c1c2c14
3e2d65d4486b2059ec9802a4221aacc0,c3f7fd3a0aa4664c13a0a3c282386cd2
3e2d65d4486b2059ec9802a4221aacc0,be8e208dd048dd01fab404bdf5014800
3e2d65d4486b2059ec9802a4221aacc0,6d8863b53d661bbfa9f2b5b0beb54002
3e2d65d4486b2059ec9802a4221aacc0,d7bca7bcd021b07e2e9fea56f338dacc
3e2d65d4486b2059ec9802a4221aacc0,7009a21109013085f06968d4e0591205
3e2d65d4486b2059ec9802a4221aacc0,e4a63d1c1cc8394eb4a1559ae14026b1
3e2d65d4486b2059ec9802a4221aacc0,9165801a6e4246b3146d0e4f0c1ad819
3e2d65d4486b2059ec9802a4221aacc0,5b5642841cfc8ce0ce74cdc21c534257
3e2d65d4486b2059ec9802a4221aacc0,1bf241d89a9e18c47b0f89086c00117d
3e2d65d4486b2059ec9802a4221aacc0,42d246eb57bed7893ec06247b0d50e98
3e2d65d4486b2059ec9802a4221aacc0,e8b6970ce896e13ed00e53c55e44a0ac
3e2d65d4486b2059ec9802a4221aacc0,107adc12e1afae3d9a7c9feee9a41eee
3e2d65d4486b2059ec9802a4221aacc0,996cce51710d024e87cd8e97d26e6d54
3e2d65d4486b2059ec9802a4221aacc0,6f5aee18c0e0cd5d5c5d26dd5a8e612b
3e2d65d4486b2059ec9802a4221aacc0,6564506ee5c427af85f1f3dc0dc4f79c
3e2d65d4486b2059ec9802a4221aacc0,e41ef5c4e815c56e0a3bdb476489489c
3e2d65d4486b2059ec9802a4221aacc0,a3a8295b19c8abbebb4f162c98f184da
3e2d65d4486b2059ec9802a4221aacc0,1d42ccf2d80fd961b43908b8645814df
3e2d65d4486b2059ec9802a4221aacc0,64278d6cfbb0935e5d2991e0e86f7e7e
3e2d65d4486b2059ec9802a4221aacc0,cf3b6092cd947032b31493cc574f6b96
3e2d65d4486b2059ec9802a4221aacc0,b7d5f9bfe047962e5bf1c89c1d315192
3e2d65d4486b2059ec9802a4221aacc0,08b66c2eebeffd45d1068c4041a539c3
3e2d65d4486b2059ec9802a4221aacc0,2581f140dd3a6360d9e8bf708239db2f
3e2d65d4486b2059ec9802a4221aacc0,f1c267f790686e12632279167ab74379
3e2d65d4486b2059ec9802a4221aacc0,465622aa9b33969e83d0d9069b1e1a87
3e2d65d4486b2059ec9802a4221aacc0,3aa1907d11d6660ef26b892403e68921
3e2d65d4486b2059ec9802a4221aacc0,7edb246a18d29a21440f7103c9e36860
3e2d65d4486b2059ec9802a4221aacc0,83850636abc0d42077601f9beafb9108
3e2d65d4486b2059ec9802a4221aacc0,ec2b30f0ff3f1fe0db889f141e4a91c8
3e2d65d4486b2059ec9802a4221aacc0,3dcb1146ec89a934b7bb850068f24d8e
3e2d65d4486b2059ec9802a4221aacc0,a025c8bdbba574aea315d1b7c7dae781
3e2d65d4486b2059ec9802a4221aacc0,391dfa3fb3875e2d691446d18bff3aef
3e2d65d4486b2059ec9802a4221aacc0,0e5f009fd067616c169f652f9cf9651e
3e2d65d4486b2059ec9802a4221aacc0,76c2737a959c787211d0278ad54c9340
3e2d65d4486b2059ec9802a4221aacc0,d0a25e0c02531eec28c969a87f42b354
3e2d65d4486b2059ec9802a4221aacc0,96ed20ed048b8ff79650ea5ad2b898f0
3e2d65d4486b2059ec9802a4221aacc0,8d6d8bf4b9787fbf5bd50aa75071274e
3e2d65d4486b2059ec9802a4221aacc0,c2b02b846162e013ceaa0bd191cc9c4d
3e2d65d4486b2059ec9802a4221aacc0,d9b5d3b246e63c32de9c63d3fa6b575f
3e2d65d4486b2059ec9802a4221aacc0,123a3b6cda21bda2d4ccf3c5ae4f5763
3e2d65d4486b2059ec9802a4221aacc0,eef2731cce223603c34a55014e29bc5a
3e2d65d4486b2059ec9802a4221aacc0,24c2d76ea251ea33ff4ebeb5452e930d
3e2d65d4486b2059ec9802a4221aacc0,1f9db1595cca3ad98c2818467de494ee
3e2d65d4486b2059ec9802a4221aacc0,520bd399a2eb7bf8f12e4058ed2ecd52
3e2d65d4486b2059ec9802a4221aacc0,d6d94f19f2f400b7c628e638dd22b19c
3e2d65d4486b2059ec9802a4221aacc0,7fcd1b33412f17e1c6f5bfd90b9fa373
3e2d65d4486b2059ec9802a4221aacc0,7d16f9bfe49dbb987d23742f7bb8d951
3e2d65d4486b2059ec9802a4221aacc0,96902a4e7bbb5bd1c0efe913ab4a265f
3e2d65d4486b2059ec9802a4221aacc0,5005335c21a0d9e0a5464be1778364d1
3e2d65d4486b2059ec9802a4221aacc0,749da91b5886f7cba9475bcd77908fb7
3e2d65d4486b2059ec9802a4221aacc0,6ee0a89f78bb80956585cb4e1ac0475d
3e2d65d4486b2059ec9802a4221aacc0,2bb617ec0204a9f36f6b61952fa2a9c7
3e2d65d4486b2059ec9802a4221aacc0,42e96e6faa60a3cc70cf65cff2191520
3e2d65d4486b2059ec9802a4221aacc0,96ac960455d9945d2f439c755266dd84
3e2d65d4486b2059ec9802a4221aacc0,651fa924d60cd8f0d4e46667c601e422
3e2d65d4486b2059ec9802a4221aacc0,b407815f6bb6302e40a68b6981296621
3e2d65d4486b2059ec9802a4221aacc0,59b013e07d94a262cb07533de30a1439
3e2d65d4486b2059ec9802a4221aacc0,6bdfeb9de0fc9f18c63402d98b46df94
3e2d65d4486b2059ec9802a4221aacc0,ff419ebd325e59be1ae58ac3b83c8907
3e2d65d4486b2059ec9802a4221aacc0,ca33e67691f3d779a7234e705fb6f953
3e2d65d4486b2059ec9802a4221aacc0,5ede682e08cba285f7e3a8000491bc36
3e2d65d4486b2059ec9802a4221aacc0,dc1fa1c919a88708e9dce91bfd008701
3e2d65d4486b2059ec9802a4221aacc0,8b75d3ab00d4604bb282f70ef9621456
3e2d65d4486b2059ec9802a4221aacc0,ade54b9001244e0aa6ef44b849defe8f
3e2d65d4486b2059ec9802a4221aacc0,11540828989e2118e44165bef1d19e6b
3e2d65d4486b2059ec9802a4221aacc0,4a3cc1a29a4324b87c8913df4f5f2cc3
3e2d65d4486b2059ec9802a4221aacc0,5e3192c85ac022dbdc474828eaf8b4d8
3e2d65d4486b2059ec9802a4221aacc0,0ee5d5286f7ba44db1a51aac0951e472
3e2d65d4486b2059ec9802a4221aacc0,9f43afbfa6898a8422fffcd29bcc7130
3e2d65d4486b2059ec9802a4221aacc0,3d8dcd5faeb92e790641b01139e21afb
3e2d65d4486b2059ec9802a4221aacc0,7cd2f205da00ec5fa736523dab9a599e
3e2d65d4486b2059ec9802a4221aacc0,ae57ef7437f7784d99844c0214ecbf13
3e2d65d4486b2059ec9802a4221aacc0,9073c646e6c02bb5c11822e862bcc3fe
3e2d65d4486b2059ec9802a4221aacc0,5c73262394ad8c7065dbf214d193077b
3e2d65d4486b2059ec9802a4221aacc0,1e6245427664fa03ae1e75fba6b7a79d
3e2d65d4486b2059ec9802a4221aacc0,2bdbe447dd884256f7ebc09adaadd71d
3e2d65d4486b2059ec9802a4221aacc0,6dc476566bf6a540d4f3aa390cd61371
3e2d65d4486b2059ec9802a4221aacc0,e7674e79b324675d9dbf2ce88d284665
3e2d65d4486b2059ec9802a4221aacc0,6f40d7c02fae3f6aae4da10d666c594b
3e2d65d4486b2059ec9802a4221aacc0,45e77963c60b84c3bd976bdcc12d8415
3e2d65d4486b2059ec9802a4221aacc0,087272264f5dcca0cf20e4f489fc1b97
3e2d65d4486b2059ec9802a4221aacc0,69d1a317fe183c484b8e49d72393be55
3e2d65d4486b2059ec9802a4221aacc0,5272b789b2cd0efde4740fb01baecaa0
3e2d65d4486b2059ec9802a4221aacc0,0cd8c9eab16bfa2c07e00d99f4e7c1eb
3e2d65d4486b2059ec9802a4221aacc0,644a327ef5e337e8f6c677990a00a19e
3e2d65d4486b2059ec9802a4221aacc0,5dc8f8a3d08d2edb548e981108214bbc
3e2d65d4486b2059ec9802a4221aacc0,68c942978c9c6c37f552366c98c1dd44
3e2d65d4486b2059ec9802a4221aacc0,5c9033fcfc2c1163c18e6d41f2987323
3e2d65d4486b2059ec9802a4221aacc0,34c16eb7400ec8a9853a408ddff76686
3e2d65d4486b2059ec9802a4221aacc0,cca1512102347ef41df44eeae3aece0c
3e2d65d4486b2059ec9802a4221aacc0,42cf868ae9399efda195311a775a4587
3e2d65d4486b2059ec9802a4221aacc0,d3e43c9649f887a3b439c572e010e4a5
3e2d65d4486b2059ec9802a4221aacc0,37305a58ec0ebacca6531e6d360b42b2
3e2d65d4486b2059ec9802a4221aacc0,518b506ab7d964440293775964d4fe57
3e2d65d4486b2059ec9802a4221aacc0,d622a288d404bda210fd2c86564dd92f
3e2d65d4486b2059ec9802a4221aacc0,cf4a5c53f3cb1ddceacf7048996ac7ae
3e2d65d4486b2059ec9802a4221aacc0,ad303abc1d21f50cc0a246709888cd93
3e2d65d4486b2059ec9802a4221aacc0,64401e3538d18b88aa963f39926b1db6
3e2d65d4486b2059ec9802a4221aacc0,06703f30cab3a5c0b9c57ad0108e8ff4
3e2d65d4486b2059ec9802a4221aacc0,11892f8832434974758e17dc4ad04813
3e2d65d4486b2059ec9802a4221aacc0,d4ac0797116686dcdb978b18ef7c2ff1
3e2d65d4486b2059ec9802a4221aacc0,69049e78b6a2bae0d89e3fc4039ea4de
3e2d65d4486b2059ec9802a4221aacc0,cee900c259aecb9bf173e68cfe2e0d71
3e2d65d4486b2059ec9802a4221aacc0,7228d286e8bd783c796d1e8b88709837
3e2d65d4486b2059ec9802a4221aacc0,4df2456fd09fcf5b8843bc5460399bd6
3e2d65d4486b2059ec9802a4221aacc0,352ee83de3404806e7752a29783e0e2c
3e2d65d4486b2059ec9802a4221aacc0,1fbfd2839e26f72cfffc7405b2109979
3e2d65d4486b2059ec9802a4221aacc0,4a443d647726d04b17d005d7045f9321
3e2d65d4486b2059ec9802a4221aacc0,d0669a6103a5cf9e18327e48ffba9044
3e2d65d4486b2059ec9802a4221aacc0,60ec8824ba8614ce3d71182cb14e3cc1
3e2d65d4486b2059ec9802a4221aacc0,8b058d66513cd93249b2f8f633307a17
3e2d65d4486b2059ec9802a4221aacc0,b833d9e67e08e07e82f1002ffec5951e
3e2d65d4486b2059ec9802a4221aacc0,52722f25feae93c82413d6b3a09b5d8f
3e2d65d4486b2059ec9802a4221aacc0,b6a239c98a0546bd97ef233e1b79ffc5
3e2d65d4486b2059ec9802a4221aacc0,39d1c7f40081da92ce201d6a6acf8517
3e2d65d4486b2059ec9802a4221aacc0,81b4eb9adbb1b9b22930ad2b2384540f
3e2d65d4486b2059ec9802a4221aacc0,5667481d9164f954e67286bbc2b18e19
3e2d65d4486b2059ec9802a4221aacc0,0adef80a8457b1681c726bbf27222d00
3e2d65d4486b2059ec9802a4221aacc0,7c84b095cf3e1a0db81456f5363ff27c
3e2d65d4486b2059ec9802a4221aacc0,99eb7b75df84e33b8ecaa8f429873c48
3e2d65d4486b2059ec9802a4221aacc0,27d2ed6601c88f2eb8c7a95921109317
3e2d65d4486b2059ec9802a4221aacc0,807af87139b2ebac5c325512ff8c9ffa
3e2d65d4486b2059ec9802a4221aacc0,572f3e7a5eecd4c5ce325f7c3f9b9d95
3e2d65d4486b2059ec9802a4221aacc0,f3650946d7b73b5880e37457758ecec8
3e2d65d4486b2059ec9802a4221aacc0,ac10360bf0173e698eecf4453ad01626
3e2d65d4486b2059ec9802a4221aacc0,5c7d3e472f859d6a668bc16492d32ef8
3e2d65d4486b2059ec9802a4221aacc0,b74571bdfd7dc3a898cc05ea21702f21
3e2d65d4486b2059ec9802a4221aacc0,839f8d3439e74d52db5ad4d6ea3b6be4
3e2d65d4486b2059ec9802a4221aacc0,3d924feac049d9f189a971a80a3b2f47
3e2d65d4486b2059ec9802a4221aacc0,b8c97baf7ff3927249547337bf3619db
3e2d65d4486b2059ec9802a4221aacc0,59024ce63cb79b9acc1d5d03c359ab6f
3e2d65d4486b2059ec9802a4221aacc0,dfcac4958bc2f384414dd3db8ffc357b
3e2d65d4486b2059ec9802a4221aacc0,bfeaf742d9985a33dd0fa1fa3cbeb45f
3e2d65d4486b2059ec9802a4221aacc0,ea8e5ae33628b45bf60101d75ba317e8
3e2d65d4486b2059ec9802a4221aacc0,8eca397cade9ad0b331202bcd4290f71
3e2d65d4486b2059ec9802a4221aacc0,76e0b0af7ca62de0ed8af05ddc5dfc4b
3e2d65d4486b2059ec9802a4221aacc0,bc3d9ece9442e929d63350fb65e0bdf0
3e2d65d4486b2059ec9802a4221aacc0,85a586c04108a9d4e0af4493361f2fb3
3e2d65d4486b2059ec9802a4221aacc0,6674b80ff32201a1738646e09d38bde3
3e2d65d4486b2059ec9802a4221aacc0,98e9f67f997676c40f982015c5845334
3e2d65d4486b2059ec9802a4221aacc0,88bb5ed2f71c3b022dea3d0c36dd7083
3e2d65d4486b2059ec9802a4221aacc0,bdb57d484617ffdc4fec0d4121910353
3e2d65d4486b2059ec9802a4221aacc0,e82e380f143f7a5ff4481b90a73a88c8
3e2d65d4486b2059ec9802a4221aacc0,752649b14607a7cf1c29659c4e270036
3e2d65d4486b2059ec9802a4221aacc0,348eda07401b4bb55d21a383f4b9f4a1
3e2d65d4486b2059ec9802a4221aacc0,f807cccc6ae51fbbbbed7c6645f4aba3
3e2d65d4486b2059ec9802a4221aacc0,f3a72b21c0c6149d828061be81fee6ea
3e2d65d4486b2059ec9802a4221aacc0,ae2f22f326f5abe1259c39e8779deb41
3e2d65d4486b2059ec9802a4221aacc0,9cf348cf516abe30af281af79773b6b9
3e2d65d4486b2059ec9802a4221aacc0,c00dd6712efa9ee6d8a4d5c6e1ed323e
3e2d65d4486b2059ec9802a4221aacc0,d89fe035faf621004a572f3f2c794eb1
3e2d65d4486b2059ec9802a4221aacc0,ca7eeb2f2f58fd28716228e7de31bbec
3e2d65d4486b2059ec9802a4221aacc0,099ef7db949079232d8d35ba6c382dad
3e2d65d4486b2059ec9802a4221aacc0,11715798fff289ecd2bf107583387002
3e2d65d4486b2059ec9802a4221aacc0,48f2352928efce87ef9714530b916f11
3e2d65d4486b2059ec9802a4221aacc0,bca0c428a58bdb851d95fccfda724b2e
3e2d65d4486b2059ec9802a4221aacc0,3da801e25b09382518d3ec5359d5d409
3e2d65d4486b2059ec9802a4221aacc0,854c51619d5ab005e6dbace3623f1676
3e2d65d4486b2059ec9802a4221aacc0,ebf08982337f29cc03e9dd42578ced36
3e2d65d4486b2059ec9802a4221aacc0,4fde3f142ae7ed85235fe7ede635b643
3e2d65d4486b2059ec9802a4221aacc0,d97992486c197c9ba7be12601ebe059e
3e2d65d4486b2059ec9802a4221aacc0,4ee0a49e7aeb014bad8856a7c197b4f2
3e2d65d4486b2059ec9802a4221aacc0,5046c081787eb7e512189b399f4aeb35
3e2d65d4486b2059ec9802a4221aacc0,815fc7a8e4e2d5484cb5bc9bf4f4ff8f
3e2d65d4486b2059ec9802a4221aacc0,a7e960b1727ecada9281bd0ed0ee2555
3e2d65d4486b2059ec9802a4221aacc0,21b70c2402f803d3ff66e9f0f80c8655
3e2d65d4486b2059ec9802a4221aacc0,14e2f8e01ca50d07807b940e69e1c079
3e2d65d4486b2059ec9802a4221aacc0,c83564fb1528bda4a78476e283ba6f3d
3e2d65d4486b2059ec9802a4221aacc0,55ed2ee553fa52b86e86f9359780296f
3e2d65d4486b2059ec9802a4221aacc0,4d108e6ee0acaefcffb655fb7da4cc8c
3e2d65d4486b2059ec9802a4221aacc0,d9ad8830d2d4474e3edd160c56574e6f
3e2d65d4486b2059ec9802a4221aacc0,a61fbc1fb653c844be5ffc9e3807e035
3e2d65d4486b2059ec9802a4221aacc0,b0aadcb3c020df95b606c163df3e16a6
3e2d65d4486b2059ec9802a4221aacc0,345d88274e8b2688dbb1df56eab71c5d
3e2d65d4486b2059ec9802a4221aacc0,331a32f157f8207ba7525030b7cf1dbd
3e2d65d4486b2059ec9802a4221aacc0,6830985accdcef135b64b1fa66c68e28
3e2d65d4486b2059ec9802a4221aacc0,bb0e946b6f3bdb30d2b7b7309a2611ba
3e2d65d4486b2059ec9802a4221aacc0,83f52f72e987bd6e979e23d1a90531b6
3e2d65d4486b2059ec9802a4221aacc0,7d4a7094b36ae5c61f7490fcfec7add2
3e2d65d4486b2059ec9802a4221aacc0,c945f695305792c3e2ede52f2e3d4f25
3e2d65d4486b2059ec9802a4221aacc0,682117ffc3ffebe6a7a2f74171c41a3c
3e2d65d4486b2059ec9802a4221aacc0,e0d42ed8a9e4dcd9d0b5b9111ab6cedb
3e2d65d4486b2059ec9802a4221aacc0,3830be7f2e8019cb964ee3eefff37c03
3e2d65d4486b2059ec9802a4221aacc0,ad8c828e857e7459626057c5617fcca3
3e2d65d4486b2059ec9802a4221aacc0,4984e47f3392857adf222173351ad21d
3e2d65d4486b2059ec9802a4221aacc0,26ba400aa8535bed888b0cd9ef51f4e8
3e2d65d4486b2059ec9802a4221aacc0,7c794be659252f1262f1c7579ae69fb4
3e2d65d4486b2059ec9802a4221aacc0,afeb2b96e36f1b38548959b3494a91e7
3e2d65d4486b2059ec9802a4221aacc0,8a3f590ef88cfff2f5fd642ae669860d
3e2d65d4486b2059ec9802a4221aacc0,61bc4d77fd1e45c1a47bdad36dac2cad
3e2d65d4486b2059ec9802a4221aacc0,68533eaa54ad42fd05106b1dd2a4d3ac
3e2d65d4486b2059ec9802a4221aacc0,c1540d4309fee0747e3e29b9d1e574e2
3e2d65d4486b2059ec9802a4221aacc0,3adbace9c13e9df128cb8a4de1f3bb93
3e2d65d4486b2059ec9802a4221aacc0,2353c29f4eb19fe5dc9d46897d5c254f
3e2d65d4486b2059ec9802a4221aacc0,0879de26cf624376b1d69165abf86bf9
3e2d65d4486b2059ec9802a4221aacc0,81e0e17ab43b9d8905e1ee98a6fb9f4e
3e2d65d4486b2059ec9802a4221aacc0,3e932a925ce028d6540750ac06cde276
3e2d65d4486b2059ec9802a4221aacc0,a942207ea08490b5622196ec6704a09a
3e2d65d4486b2059ec9802a4221aacc0,a914ed1fda8d1fd40682b50d6c2a7a08
3e2d65d4486b2059ec9802a4221aacc0,5e7c010c2ceb38ef4e4f813c9dc100c9
3e2d65d4486b2059ec9802a4221aacc0,91a2bf2f7af8d1a1fbc131f20fca7e5a
3e2d65d4486b2059ec9802a4221aacc0,a632e1392a2a1eefa6a2ccc4d8631dfc
3e2d65d4486b2059ec9802a4221aacc0,0a9853fb36fa41a1fd14425e5f9aee99
3e2d65d4486b2059ec9802a4221aacc0,3dedd13e57be11431b19c4b90e6bb08b
3e2d65d4486b2059ec9802a4221aacc0,6e12c99aef756396385cec78f175782b
3e2d65d4486b2059ec9802a4221aacc0,55db7b860284b74da80ec76e152a7cf8
3e2d65d4486b2059ec9802a4221aacc0,dcbb0db27ccbe099f2c272277dbc079a
3e2d65d4486b2059ec9802a4221aacc0,e1a1de7c062aa4eb3a84c07927d39081
3e2d65d4486b2059ec9802a4221aacc0,3a2f15ba55588d688d4a310ec0362223
3e2d65d4486b2059ec9802a4221aacc0,0aa0a34aba3c46ed91e2095a45e4000a
3e2d65d4486b2059ec9802a4221aacc0,48e9d4cc4661e328a7ad5bb8db9d8044
3e2d65d4486b2059ec9802a4221aacc0,cdd2e546e4e9e9f7870758243ca84794
3e2d65d4486b2059ec9802a4221aacc0,d6f42b122b5ca1a4ccf83cde68724fb4
3e2d65d4486b2059ec9802a4221aacc0,59da76e2c448af947a237ec4c4f3d410
3e2d65d4486b2059ec9802a4221aacc0,df1c9a555333b01f4ddab7a4181f6a39
3e2d65d4486b2059ec9802a4221aacc0,be558be5142be04aff09da30ae5cf3c1
3e2d65d4486b2059ec9802a4221aacc0,3ffa10cc315c4bb6c03f27c27e54abfa
3e2d65d4486b2059ec9802a4221aacc0,be65c0573c2d2487027b22a605f857a3
3e2d65d4486b2059ec9802a4221aacc0,99cd0a3704cb230d4c71c8292ef6f245
3e2d65d4486b2059ec9802a4221aacc0,318f3672a18932b44211a1250fa61d54
3e2d65d4486b2059ec9802a4221aacc0,a4720c0e726160b6438ff4c2e6ec0e85
3e2d65d4486b2059ec9802a4221aacc0,dc72c84127d7dbb33c5c44d054e41b1f
3e2d65d4486b2059ec9802a4221aacc0,f6443197dea13517124c3052720be9ab
3e2d65d4486b2059ec9802a4221aacc0,4149724e5cdee81c76542e75bcaa2a99
3e2d65d4486b2059ec9802a4221aacc0,28ef03c803827bd9c269c73f59c2e65c
3e2d65d4486b2059ec9802a4221aacc0,dc2934b06435c720a7fa3b4f11fc3285
3e2d65d4486b2059ec9802a4221aacc0,8bdb63b9e18f727eb5ce9d19ed54d2f8
3e2d65d4486b2059ec9802a4221aacc0,495a7f7d5596b163452ca00bc92b9aea
3e2d65d4486b2059ec9802a4221aacc0,3253bf3d40a6a88aabe3af493880abf1
3e2d65d4486b2059ec9802a4221aacc0,903f655be9b8979021e744b80d7d5923
3e2d65d4486b2059ec9802a4221aacc0,723dbacd44419536cf92613f25607e33
3e2d65d4486b2059ec9802a4221aacc0,bdb177d36a6611eb8b7bc3d9622ed3e9
3e2d65d4486b2059ec9802a4221aacc0,1ca23260ee404ae5cc29c53043bb45fc
3e2d65d4486b2059ec9802a4221aacc0,e568a14091eaa321c6308148ecb4594e
3e2d65d4486b2059ec9802a4221aacc0,b7bfdb7c418c4dba0d15fa01b99b1bf4
3e2d65d4486b2059ec9802a4221aacc0,a3434ea2f594910fdc004c01fa0180ea
3e2d65d4486b2059ec9802a4221aacc0,d124425e40983efee4595e6e2de03ac2
3e2d65d4486b2059ec9802a4221aacc0,18855e12e6c7289b56bab6e952cf3d6a
3e2d65d4486b2059ec9802a4221aacc0,c848d8f6218af8000d0091c7b9a62d26
3e2d65d4486b2059ec9802a4221aacc0,bccbc420c44972f806eae95e7297a8bc
3e2d65d4486b2059ec9802a4221aacc0,11e783521cf5c53455129fca27b09ff4
3e2d65d4486b2059ec9802a4221aacc0,7dc2e4111f953e3f2fb3b27941af33f0
3e2d65d4486b2059ec9802a4221aacc0,0a01ec5f12fa67f08a84143dbe9e856f
3e2d65d4486b2059ec9802a4221aacc0,a2e1dd05a963226b9fbb2d0bfe3c8e57
3e2d65d4486b2059ec9802a4221aacc0,b8bca44620d679b24d5c7c916e2f4a4a
3e2d65d4486b2059ec9802a4221aacc0,907bcc98791d1d0990d5478085f418b9
3e2d65d4486b2059ec9802a4221aacc0,aa7010159c41f4634441e30a31b4c8ee
3e2d65d4486b2059ec9802a4221aacc0,a538d46a99c43b2c75db96baa1389421
3e2d65d4486b2059ec9802a4221aacc0,40ea25692ae04cb12e1d29ed1e24cd8d
3e2d65d4486b2059ec9802a4221aacc0,e3ffc9d302602f4ef59e230e2f5e75c1
3e2d65d4486b2059ec9802a4221aacc0,b9d4f3f7179d035ff462d2bca43250ca
3e2d65d4486b2059ec9802a4221aacc0,db5af68f6bfb1574302aedb841c4dc33
3e2d65d4486b2059ec9802a4221aacc0,4b3f83c22425da24ee85ecf5157accf7
3e2d65d4486b2059ec9802a4221aacc0,cb9536add03566b6774e5fc46a6a68a3
3e2d65d4486b2059ec9802a4221aacc0,1cf2217e98b4e13e1e9bb035a48e8b04
3e2d65d4486b2059ec9802a4221aacc0,565612cfcf03a4391f2c556d7f212bd0
3e2d65d4486b2059ec9802a4221aacc0,94f9c972a59f1c2dfea87c367d77c7c3
3e2d65d4486b2059ec9802a4221aacc0,c2f36376761d5be620bb703e1a21a0b6
3e2d65d4486b2059ec9802a4221aacc0,491b932a241ca3af774fe3fc84296577
3e2d65d4486b2059ec9802a4221aacc0,7ef816d629115b2a42975855ba3c5366
3e2d65d4486b2059ec9802a4221aacc0,c2c5b8862aad545eb3feebd2088ead26
3e2d65d4486b2059ec9802a4221aacc0,06050cb8f3b46e5680307d12679dc0f0
3e2d65d4486b2059ec9802a4221aacc0,f43c82cbae36d6a18f106ec6b777b0ba
3e2d65d4486b2059ec9802a4221aacc0,d0a719c771499d09ea64d057a2b4ac21
3e2d65d4486b2059ec9802a4221aacc0,d2aa5e99b38bb705c93326ae5d601825
3e2d65d4486b2059ec9802a4221aacc0,8062de2a7db56b13af7adfd33f37dd02
3e2d65d4486b2059ec9802a4221aacc0,8bc1df8b49ff3aca4c0aa352aa5b2791
3e2d65d4486b2059ec9802a4221aacc0,ba8dde732a8fbd3f6990c2e9bea13b82
3e2d65d4486b2059ec9802a4221aacc0,3fdea2742ac8268c8a04d80584fc3a58
3e2d65d4486b2059ec9802a4221aacc0,316809bc5a7f0339e9104c637bd86f5a
3e2d65d4486b2059ec9802a4221aacc0,bcd39fb5d6036f42c081fcc35ae01265
3e2d65d4486b2059ec9802a4221aacc0,0052aba45a12e2963cacc4e05ec7898d
3e2d65d4486b2059ec9802a4221aacc0,9f7639adfe7c1a7602674ec2497de59c
3e2d65d4486b2059ec9802a4221aacc0,105dbfaa91fbcef2d4637e343f3778df
3e2d65d4486b2059ec9802a4221aacc0,384c6a776deb7a08de749337ff92fb76
3e2d65d4486b2059ec9802a4221aacc0,3ca24d6870cf2ab9d36fb698a4952c37
3e2d65d4486b2059ec9802a4221aacc0,89d55f45b039d891e7f0c33b737b6df8
3e2d65d4486b2059ec9802a4221aacc0,a0cc7185ab2bb85f658f18a60412d7ca
3e2d65d4486b2059ec9802a4221aacc0,748829bbd99f82650b398756e3f16244
3e2d65d4486b2059ec9802a4221aacc0,f3b6ac5f10c7f1d36e1bb93b324d7f51
3e2d65d4486b2059ec9802a4221aacc0,ad2de7b266724f1514b830c8c4af1b9a
3e2d65d4486b2059ec9802a4221aacc0,c84d9e724956339c07cafc0b1f193084
3e2d65d4486b2059ec9802a4221aacc0,a42380e99ebd5cf46210d95ed48308e1
3e2d65d4486b2059ec9802a4221aacc0,7e2df65712a4f14f9835bbcb703eaec6
3e2d65d4486b2059ec9802a4221aacc0,b702dfc2a992eab2c2d5171213b0df6b
3e2d65d4486b2059ec9802a4221aacc0,9f374225fd2aa8b5a41c14ffe14e872a
3e2d65d4486b2059ec9802a4221aacc0,f03f1298df978fdb030f5431e102ad98
3e2d65d4486b2059ec9802a4221aacc0,f366c73ae9154f33de196ae93868a989
3e2d65d4486b2059ec9802a4221aacc0,d0de6ec4ec2ea7603ede3b558e0fa793